Index,Num_pert,Exp_pert,Fitness
0,8,5.608875110831631,0.8649503900545502
1,8,5.608875110831631,0.8662913510412316
2,8,5.608875110831631,0.863795003553396
3,8,5.608875110831631,0.8629284841558459
4,8,5.608875110831631,0.8663892783409224
5,8,5.608875110831631,0.8602938261322297
6,8,5.608875110831631,0.8720340847618737
7,8,5.608875110831631,0.8598176234080571
8,8,5.608875110831631,0.8547112328305722
9,8,5.608875110831631,0.8561046183022386
0,1,2.9305986742509695,0.8705034536267747
1,1,2.9305986742509695,0.8579405401491281
2,1,2.9305986742509695,0.8512754631457508
3,1,2.9305986742509695,0.8603746335610416
4,1,2.9305986742509695,0.8583112385972653
5,1,2.9305986742509695,0.8537923299046627
6,1,2.9305986742509695,0.8574644193382132
7,1,2.9305986742509695,0.8600068020769271
8,1,2.9305986742509695,0.868872437794253
9,1,2.9305986742509695,0.8476296678679516
0,5,0.184501952991305,0.8582566434109469
1,5,0.184501952991305,0.8572713497895987
2,5,0.184501952991305,0.8646285119080581
3,5,0.184501952991305,0.8702386690209635
4,5,0.184501952991305,0.8544017645426337
5,5,0.184501952991305,0.8548989780174312
6,5,0.184501952991305,0.8561869411263208
7,5,0.184501952991305,0.8651795014365949
8,5,0.184501952991305,0.8542721368121795
9,5,0.184501952991305,0.8603619779627122
0,3,2.3020322508303117,0.8676739239628721
1,3,2.3020322508303117,0.8611304062340562
2,3,2.3020322508303117,0.8606131240111026
3,3,2.3020322508303117,0.860137904246023
4,3,2.3020322508303117,0.8679785593686011
5,3,2.3020322508303117,0.8705834419230102
6,3,2.3020322508303117,0.8661748294320231
7,3,2.3020322508303117,0.8642119420355577
8,3,2.3020322508303117,0.8585657430892243
9,3,2.3020322508303117,0.8644111550785071
0,8,2.784963171977769,0.8601589969099056
1,8,2.784963171977769,0.8675878331289344
2,8,2.784963171977769,0.8598718090280859
3,8,2.784963171977769,0.8658639276620753
4,8,2.784963171977769,0.8703840240969146
5,8,2.784963171977769,0.8535549862402093
6,8,2.784963171977769,0.855509313701237
7,8,2.784963171977769,0.8623283876292624
8,8,2.784963171977769,0.8527913498944459
9,8,2.784963171977769,0.8659220860751056
0,8,8.385696087104131,0.8541258806903914
1,8,8.385696087104131,0.8612993113716242
2,8,8.385696087104131,0.8635886640570174
3,8,8.385696087104131,0.8610980914538592
4,8,8.385696087104131,0.8565265125364953
5,8,8.385696087104131,0.8589065431982692
6,8,8.385696087104131,0.8652697698466798
7,8,8.385696087104131,0.8724529072489643
8,8,8.385696087104131,0.8561265710553285
9,8,8.385696087104131,0.8592649137011061
0,9,8.93559529829455,0.8570115618925114
1,9,8.93559529829455,0.8652184511906734
2,9,8.93559529829455,0.8597190408023034
3,9,8.93559529829455,0.8652799680472765
4,9,8.93559529829455,0.8701031025793169
5,9,8.93559529829455,0.8594099820806551
6,9,8.93559529829455,0.8580459215552773
7,9,8.93559529829455,0.86875050991003
8,9,8.93559529829455,0.8598832359275501
9,9,8.93559529829455,0.8557905628718652
0,1,6.653279592853259,0.8606649341466553
1,1,6.653279592853259,0.8519391243603806
2,1,6.653279592853259,0.8549265008720487
3,1,6.653279592853259,0.8618791343669032
4,1,6.653279592853259,0.8619632183260271
5,1,6.653279592853259,0.8530214442355835
6,1,6.653279592853259,0.8633145003831904
7,1,6.653279592853259,0.8609263193522693
8,1,6.653279592853259,0.8639861071838257
9,1,6.653279592853259,0.8551597488736111
0,9,4.131165162140863,0.8615404640025631
1,9,4.131165162140863,0.8625841208200896
2,9,4.131165162140863,0.8680671076002721
3,9,4.131165162140863,0.8583775883360764
4,9,4.131165162140863,0.8619168144654884
5,9,4.131165162140863,0.8498155641087575
6,9,4.131165162140863,0.8539107355187999
7,9,4.131165162140863,0.8582461585139497
8,9,4.131165162140863,0.8615378427783145
9,9,4.131165162140863,0.8667272524425719
0,8,1.5842046439502377,0.8628644279882526
1,8,1.5842046439502377,0.85956336465587
2,8,1.5842046439502377,0.8525945532926005
3,8,1.5842046439502377,0.8647938128622811
4,8,1.5842046439502377,0.8620344828603056
5,8,1.5842046439502377,0.8709852264524788
6,8,1.5842046439502377,0.8719058495568004
7,8,1.5842046439502377,0.8640475421271702
8,8,1.5842046439502377,0.8609614601398612
9,8,1.5842046439502377,0.8635900565824021
0,4,4.074901177996977,0.8606035811165695
1,4,4.074901177996977,0.8557489099802775
2,4,4.074901177996977,0.8514324908609364
3,4,4.074901177996977,0.862884906302701
4,4,4.074901177996977,0.8637540469245008
5,4,4.074901177996977,0.8640262037235152
6,4,4.074901177996977,0.8604869775941035
7,4,4.074901177996977,0.8574709314422074
8,4,4.074901177996977,0.8691893192320204
9,4,4.074901177996977,0.8590887592402257
0,4,3.0526088544068486,0.8674125387572579
1,4,3.0526088544068486,0.859361776128446
2,4,3.0526088544068486,0.8689563169702322
3,4,3.0526088544068486,0.8672845083353289
4,4,3.0526088544068486,0.8635723223620901
5,4,3.0526088544068486,0.8584110089452555
6,4,3.0526088544068486,0.8650445493443842
7,4,3.0526088544068486,0.8655680979315588
8,4,3.0526088544068486,0.8553417601324237
9,4,3.0526088544068486,0.8600705305914893
0,7,4.80813269309642,0.8588763581627689
1,7,4.80813269309642,0.8667283582715517
2,7,4.80813269309642,0.870634269099469
3,7,4.80813269309642,0.8618403484393394
4,7,4.80813269309642,0.8664316684518301
5,7,4.80813269309642,0.8487369303301535
6,7,4.80813269309642,0.8539795426553469
7,7,4.80813269309642,0.8612300537121633
8,7,4.80813269309642,0.8517293854638055
9,7,4.80813269309642,0.866550811285288
0,1,1.6081623545124613,0.8556917345263396
1,1,1.6081623545124613,0.8577043842269142
2,1,1.6081623545124613,0.8609980753660951
3,1,1.6081623545124613,0.8594474573960951
4,1,1.6081623545124613,0.8513631103315878
5,1,1.6081623545124613,0.8620413635739608
6,1,1.6081623545124613,0.8699085176354332
7,1,1.6081623545124613,0.8572937121089751
8,1,1.6081623545124613,0.8677930258397012
9,1,1.6081623545124613,0.8611607550960698
0,6,6.819698759128544,0.8697092226792251
1,6,6.819698759128544,0.8526382949722616
2,6,6.819698759128544,0.8666712647308714
3,6,6.819698759128544,0.8637139503848119
4,6,6.819698759128544,0.8649257341639562
5,6,6.819698759128544,0.8653618813050676
6,6,6.819698759128544,0.8572362909152625
7,6,6.819698759128544,0.8619152171569617
8,6,6.819698759128544,0.8629476518581695
9,6,6.819698759128544,0.8594658059658404
0,4,6.367816204707992,0.8619813621126273
1,4,6.367816204707992,0.8615403820893068
2,4,6.367816204707992,0.870633982403066
3,4,6.367816204707992,0.8692213882724469
4,4,6.367816204707992,0.8590755302490934
5,4,6.367816204707992,0.8641226565845637
6,4,6.367816204707992,0.8622893969185554
7,4,6.367816204707992,0.8604212012480958
8,4,6.367816204707992,0.8601132893120567
9,4,6.367816204707992,0.867688668349275
0,7,7.448135971414587,0.8601732498167606
1,7,7.448135971414587,0.8661419822156476
2,7,7.448135971414587,0.8692385490999531
3,7,7.448135971414587,0.8583754176347458
4,7,7.448135971414587,0.8494010420677014
5,7,7.448135971414587,0.8619612524078397
6,7,7.448135971414587,0.8510757176666272
7,7,7.448135971414587,0.86412990590788
8,7,7.448135971414587,0.8566874720880547
9,7,7.448135971414587,0.870180551564559
0,10,0.8775683575544657,0.8550470771875186
1,10,0.8775683575544657,0.8535320095714009
2,10,0.8775683575544657,0.8591595322949568
3,10,0.8775683575544657,0.8531898578936049
4,10,0.8775683575544657,0.8679592278397603
5,10,0.8775683575544657,0.8558531446008218
6,10,0.8775683575544657,0.8603340864984356
7,10,0.8775683575544657,0.8514607099782467
8,10,0.8775683575544657,0.8513565163143365
9,10,0.8775683575544657,0.8600209730705268
0,2,6.8833216203950816,0.8550025573319087
1,2,6.8833216203950816,0.85512079911953
2,2,6.8833216203950816,0.8592368584103129
3,2,6.8833216203950816,0.8675259067060421
4,2,6.8833216203950816,0.8651454664779827
5,2,6.8833216203950816,0.864647925350155
6,2,6.8833216203950816,0.8608906461285001
7,2,6.8833216203950816,0.870038677802064
8,2,6.8833216203950816,0.8588556341085495
9,2,6.8833216203950816,0.8678052718717408
0,8,5.701851662365016,0.8593384718066044
1,8,5.701851662365016,0.8587809701740711
2,8,5.701851662365016,0.8620944024083798
3,8,5.701851662365016,0.8591359412767128
4,8,5.701851662365016,0.8631876577034997
5,8,5.701851662365016,0.86257412740264
6,8,5.701851662365016,0.8614504003756213
7,8,5.701851662365016,0.8635904251920634
8,8,5.701851662365016,0.8654004214928595
9,8,5.701851662365016,0.8693926279378595
0,3,9.654370211831885,0.8571571627082347
1,3,9.654370211831885,0.8629556793574327
2,3,9.654370211831885,0.8511942461506493
3,3,9.654370211831885,0.856360228623179
4,3,9.654370211831885,0.8625107265411073
5,3,9.654370211831885,0.8657657136659799
6,3,9.654370211831885,0.8608230267341942
7,3,9.654370211831885,0.8600513219325377
8,3,9.654370211831885,0.8565487110293569
9,3,9.654370211831885,0.8561978765462356
0,3,3.921573824920235,0.8614480248911449
1,3,3.921573824920235,0.8682526411291704
2,3,3.921573824920235,0.8638931356362322
3,3,3.921573824920235,0.8502506463775166
4,3,3.921573824920235,0.8577613958543373
5,3,3.921573824920235,0.8618028731239001
6,3,3.921573824920235,0.8631585784969843
7,3,3.921573824920235,0.8652173863183233
8,3,3.921573824920235,0.8597301810053641
9,3,3.921573824920235,0.8544457110054394
0,5,5.4537918641025325,0.8691268194163247
1,5,5.4537918641025325,0.8489519935884878
2,5,5.4537918641025325,0.8585106564233609
3,5,5.4537918641025325,0.8664143028411763
4,5,5.4537918641025325,0.862562127110372
5,5,5.4537918641025325,0.8539272819968751
6,5,5.4537918641025325,0.8674486215473155
7,5,5.4537918641025325,0.8578256977617034
8,5,5.4537918641025325,0.8548111260484493
9,5,5.4537918641025325,0.860134914412113
0,3,1.9929569285064481,0.8530183315317892
1,3,1.9929569285064481,0.856994687761406
2,3,1.9929569285064481,0.8574554498364856
3,3,1.9929569285064481,0.8597812129649681
4,3,1.9929569285064481,0.8578540807055286
5,3,1.9929569285064481,0.8618434611431364
6,3,1.9929569285064481,0.8676222776538325
7,3,1.9929569285064481,0.8566614646287088
8,3,1.9929569285064481,0.8585701664051444
9,3,1.9929569285064481,0.850340259481541
0,2,0.5464848443833337,0.857023644098035
1,2,0.5464848443833337,0.8682864713046393
2,2,0.5464848443833337,0.8531287506032915
3,2,0.5464848443833337,0.8623067625292066
4,2,0.5464848443833337,0.8629100536728429
5,2,0.5464848443833337,0.858109813896355
6,2,0.5464848443833337,0.8605687270253786
7,2,0.5464848443833337,0.8671637681933438
8,2,0.5464848443833337,0.8550552685132984
9,2,0.5464848443833337,0.8594751031206012
0,4,7.856783078782799,0.8541853087589201
1,4,7.856783078782799,0.8546277222642529
2,4,7.856783078782799,0.8593127510436569
3,4,7.856783078782799,0.8553926282655119
4,4,7.856783078782799,0.8634501487380943
5,4,7.856783078782799,0.8716407782545869
6,4,7.856783078782799,0.8587197400138729
7,4,7.856783078782799,0.8728873342116613
8,4,7.856783078782799,0.8624261511024395
9,4,7.856783078782799,0.8482225150712202
0,2,4.642877106429908,0.8638000821753806
1,2,4.642877106429908,0.8638819135199147
2,2,4.642877106429908,0.8576663355186698
3,2,4.642877106429908,0.8549758945664968
4,2,4.642877106429908,0.8553140734512911
5,2,4.642877106429908,0.8607876402068279
6,2,4.642877106429908,0.8604839058469359
7,2,4.642877106429908,0.8549150739725865
8,2,4.642877106429908,0.8612338217220201
9,2,4.642877106429908,0.8583912268934998
0,6,6.186804334783821,0.8701557318474468
1,6,6.186804334783821,0.8585883101917466
2,6,6.186804334783821,0.8673308712392391
3,6,6.186804334783821,0.8599054344204103
4,6,6.186804334783821,0.8625910834470031
5,6,6.186804334783821,0.8626064012262091
6,6,6.186804334783821,0.8586560934125679
7,6,6.186804334783821,0.8616724262608646
8,6,6.186804334783821,0.8672806174555838
9,6,6.186804334783821,0.8577298592500866
0,5,9.904677109417623,0.8566925507100409
1,5,9.904677109417623,0.8587877280178399
2,5,9.904677109417623,0.8572634042035909
3,5,9.904677109417623,0.8584516379211194
4,5,9.904677109417623,0.8654464977003675
5,5,9.904677109417623,0.868227821412059
6,5,9.904677109417623,0.8629665738207181
7,5,9.904677109417623,0.8657469555299467
8,5,9.904677109417623,0.8572288777654323
9,5,9.904677109417623,0.8515933684992406
0,4,2.2282932661001063,0.8680099731029609
1,4,2.2282932661001063,0.8617713774762799
2,4,2.2282932661001063,0.8580858952250799
3,4,2.2282932661001063,0.8711456126112327
4,4,2.2282932661001063,0.8634698488765912
5,4,2.2282932661001063,0.8593938451688706
6,4,2.2282932661001063,0.8626904851853323
7,4,2.2282932661001063,0.8680014131675227
8,4,2.2282932661001063,0.8591832052264597
9,4,2.2282932661001063,0.8655817364889831
0,3,2.1532493761153084,0.8668466000591731
1,3,2.1532493761153084,0.859954910028115
2,3,2.1532493761153084,0.8534778239513714
3,3,2.1532493761153084,0.8698009245713242
4,3,2.1532493761153084,0.8692259344582539
5,3,2.1532493761153084,0.8613442817501509
6,3,2.1532493761153084,0.8619902497010993
7,3,2.1532493761153084,0.871272578160812
8,3,2.1532493761153084,0.8612462315805754
9,3,2.1532493761153084,0.8590543147153251
0,2,0.8790934929298342,0.8661931780017694
1,2,0.8790934929298342,0.8601609218714626
2,2,0.8790934929298342,0.8612723209531824
3,2,0.8790934929298342,0.8627289025032375
4,2,0.8790934929298342,0.8590356794491772
5,2,0.8790934929298342,0.8650274294735044
6,2,0.8790934929298342,0.8715755753013834
7,2,0.8790934929298342,0.865332843055181
8,2,0.8790934929298342,0.8533237451134642
9,2,0.8790934929298342,0.8579592163719048
0,5,3.4211852339720314,0.8615215829966423
1,5,3.4211852339720314,0.860738819905183
2,5,3.4211852339720314,0.8566454096301804
3,5,3.4211852339720314,0.859654902721454
4,5,3.4211852339720314,0.86309489093905
5,5,3.4211852339720314,0.8641675040932053
6,5,3.4211852339720314,0.859223752289064
7,5,3.4211852339720314,0.8653790011759469
8,5,3.4211852339720314,0.8566504882521648
9,5,3.4211852339720314,0.8603377316384082
0,6,2.5229269228544537,0.8580392865813965
1,6,2.5229269228544537,0.8652454006524881
2,6,2.5229269228544537,0.8576610521135415
3,6,2.5229269228544537,0.8606019428514136
4,6,2.5229269228544537,0.8661918264330158
5,6,2.5229269228544537,0.8555273755745803
6,6,2.5229269228544537,0.8500553242143131
7,6,2.5229269228544537,0.8544072936875355
8,6,2.5229269228544537,0.8640742868058374
9,6,2.5229269228544537,0.8691056857958142
0,1,0.16585168871274414,0.8545688675885292
1,1,0.16585168871274414,0.8665998773267046
2,1,0.16585168871274414,0.8600407551222823
3,1,0.16585168871274414,0.865030992700218
4,1,0.16585168871274414,0.8679482924198454
5,1,0.16585168871274414,0.8549951441820788
6,1,0.16585168871274414,0.8595145033975986
7,1,0.16585168871274414,0.8785392670860406
8,1,0.16585168871274414,0.8581729280614836
9,1,0.16585168871274414,0.8586963128221446
0,3,3.4026716354648636,0.8661529585921932
1,3,3.4026716354648636,0.8533445920375737
2,3,3.4026716354648636,0.8651005370560845
3,3,3.4026716354648636,0.8599726032917996
4,3,3.4026716354648636,0.8585517768787707
5,3,3.4026716354648636,0.8583598541157651
6,3,3.4026716354648636,0.8557118032744987
7,3,3.4026716354648636,0.8654001757530857
8,3,3.4026716354648636,0.8623704091305106
9,3,3.4026716354648636,0.8563221389583066
0,4,1.3263322299903686,0.8650257092950915
1,4,1.3263322299903686,0.8673543393875963
2,4,1.3263322299903686,0.8548994285403494
3,4,1.3263322299903686,0.8682247496648927
4,4,1.3263322299903686,0.8528957073848743
5,4,1.3263322299903686,0.8548021155900918
6,4,1.3263322299903686,0.8685506415610178
7,4,1.3263322299903686,0.8536449679538948
8,4,1.3263322299903686,0.860971084947652
9,4,1.3263322299903686,0.8613287182311716
0,7,2.4427481089889516,0.8537910602491664
1,7,2.4427481089889516,0.8648711799342665
2,7,2.4427481089889516,0.8627251754500057
3,7,2.4427481089889516,0.8653742911636236
4,7,2.4427481089889516,0.8420551020655578
5,7,2.4427481089889516,0.8645174375304926
6,7,2.4427481089889516,0.8616286845812052
7,7,2.4427481089889516,0.8579604860273994
8,7,2.4427481089889516,0.8537883980682894
9,7,2.4427481089889516,0.859772857812674
0,5,0.011651741316289765,0.8685850041726613
1,5,0.011651741316289765,0.8593917563807982
2,5,0.011651741316289765,0.8616623918867857
3,5,0.011651741316289765,0.8573046884855191
4,5,0.011651741316289765,0.855379440231009
5,5,0.011651741316289765,0.8615007360725341
6,5,0.011651741316289765,0.8660972985335238
7,5,0.011651741316289765,0.8593143893088131
8,5,0.011651741316289765,0.8611760319186492
9,5,0.011651741316289765,0.8658600367823296
0,1,3.0685110818120562,0.8608350270264596
1,1,3.0685110818120562,0.8584264086377206
2,1,3.0685110818120562,0.8515078101014776
3,1,3.0685110818120562,0.8582726984094735
4,1,3.0685110818120562,0.8541641341817808
5,1,3.0685110818120562,0.8633614776365334
6,1,3.0685110818120562,0.8582533668806348
7,1,3.0685110818120562,0.8491611590922565
8,1,3.0685110818120562,0.8668612215756902
9,1,3.0685110818120562,0.8512259875380443
0,2,3.724254205946136,0.8501698799053343
1,2,3.724254205946136,0.8737697038245951
2,2,3.724254205946136,0.866496994274919
3,2,3.724254205946136,0.8715693908504198
4,2,3.724254205946136,0.8513348502576502
5,2,3.724254205946136,0.8588762762495133
6,2,3.724254205946136,0.861174762263152
7,2,3.724254205946136,0.8655640841819268
8,2,3.724254205946136,0.8560736960474231
9,2,3.724254205946136,0.860169891373191
0,4,4.480450637255595,0.8651200733680656
1,4,4.480450637255595,0.8598544843740632
2,4,4.480450637255595,0.8655588417334301
3,4,4.480450637255595,0.8602889113367622
4,4,4.480450637255595,0.8476630884771312
5,4,4.480450637255595,0.8605199067237337
6,4,4.480450637255595,0.8455904782718534
7,4,4.480450637255595,0.8544710222020981
8,4,4.480450637255595,0.8678878404355954
9,4,4.480450637255595,0.857866326737569
0,3,5.250591455443104,0.8736105463647055
1,3,5.250591455443104,0.8605452998336501
2,3,5.250591455443104,0.856372679438363
3,3,5.250591455443104,0.8575945795048433
4,3,5.250591455443104,0.8672929454008818
5,3,5.250591455443104,0.8558196420783809
6,3,5.250591455443104,0.8561094921410779
7,3,5.250591455443104,0.8537205738908367
8,3,5.250591455443104,0.8597590554287365
9,3,5.250591455443104,0.8589525374925172
0,6,1.2131941702202917,0.8654273709546726
1,6,1.2131941702202917,0.8584625733410346
2,6,1.2131941702202917,0.8660658438425322
3,6,1.2131941702202917,0.8590355565792894
4,6,1.2131941702202917,0.8568859069550602
5,6,1.2131941702202917,0.8580127466858717
6,6,1.2131941702202917,0.8546221521627225
7,6,1.2131941702202917,0.8624587525790384
8,6,1.2131941702202917,0.8629136578561861
9,6,1.2131941702202917,0.8570812291182631
0,4,2.0792014717510865,0.8589841150533962
1,4,2.0792014717510865,0.8536820746596755
2,4,2.0792014717510865,0.8602213328990855
3,4,2.0792014717510865,0.851990279189872
4,4,2.0792014717510865,0.8639829944800284
5,4,2.0792014717510865,0.8691460690319058
6,4,2.0792014717510865,0.8656921146038562
7,4,2.0792014717510865,0.8663531136376067
8,4,2.0792014717510865,0.8575631657704805
9,4,2.0792014717510865,0.8650452046504455
0,1,0.5262257127819088,0.8601926223022283
1,1,0.5262257127819088,0.8717472654897154
2,1,0.5262257127819088,0.8610858863784481
3,1,0.5262257127819088,0.8607441852235688
4,1,0.5262257127819088,0.8493897789947538
5,1,0.5262257127819088,0.8526997299156064
6,1,0.5262257127819088,0.860569873810988
7,1,0.5262257127819088,0.8739640430287066
8,1,0.5262257127819088,0.8645330010494734
9,1,0.5262257127819088,0.8645597457281422
0,2,2.8842631010536346,0.8512384793098573
1,2,2.8842631010536346,0.8517490856023043
2,2,2.8842631010536346,0.8638896133661473
3,2,2.8842631010536346,0.8633538597035593
4,2,2.8842631010536346,0.8586553152366196
5,2,2.8842631010536346,0.8668717883859461
6,2,2.8842631010536346,0.8680389294395923
7,2,2.8842631010536346,0.8728010795512073
8,2,2.8842631010536346,0.8644979831317667
9,2,2.8842631010536346,0.8622813694192915
0,7,1.653976361251081,0.858825899595971
1,7,1.653976361251081,0.8712109793909512
2,7,1.653976361251081,0.8642039964495527
3,7,1.653976361251081,0.8591455660845047
4,7,1.653976361251081,0.8582434963330717
5,7,1.653976361251081,0.8530058807166029
6,7,1.653976361251081,0.8551021228967538
7,7,1.653976361251081,0.8590720079790072
8,7,1.653976361251081,0.8606745179978189
9,7,1.653976361251081,0.8627227180522741
0,9,4.2835323315583675,0.866071250117544
1,9,4.2835323315583675,0.862916647690095
2,9,4.2835323315583675,0.8650911989446964
3,9,4.2835323315583675,0.8644522345772905
4,9,4.2835323315583675,0.8650638808732201
5,9,4.2835323315583675,0.8581544975784812
6,9,4.2835323315583675,0.8638809715174499
7,9,4.2835323315583675,0.8612756793967513
8,9,4.2835323315583675,0.8613116393169225
9,9,4.2835323315583675,0.8566991037706659
0,5,5.049351742668669,0.873983292644287
1,5,5.049351742668669,0.8578197590505157
2,5,5.049351742668669,0.8632742400169868
3,5,5.049351742668669,0.8574861263515288
4,5,5.049351742668669,0.8684158532953221
5,5,5.049351742668669,0.8603874529858848
6,5,5.049351742668669,0.8645558548483956
7,5,5.049351742668669,0.8534191331021621
8,5,5.049351742668669,0.8621635781545869
9,5,5.049351742668669,0.8615416927014314
0,3,3.4939890973359193,0.8613021783356483
1,3,3.4939890973359193,0.8601266411730764
2,3,3.4939890973359193,0.8645355403604639
3,3,3.4939890973359193,0.8541150681403634
4,3,3.4939890973359193,0.8584507778319151
5,3,3.4939890973359193,0.8619078449637606
6,3,3.4939890973359193,0.8695053405805823
7,3,3.4939890973359193,0.8634053012294512
8,3,3.4939890973359193,0.8507952057153185
9,3,3.4939890973359193,0.8525744026311847
0,4,8.925779788123528,0.8604667859760562
1,4,8.925779788123528,0.8607475846237671
2,4,8.925779788123528,0.8595122917396378
3,4,8.925779788123528,0.8632124364639822
4,4,8.925779788123528,0.8607391885148433
5,4,8.925779788123528,0.8605112239184092
6,4,8.925779788123528,0.8599501181025341
7,4,8.925779788123528,0.8666115090093118
8,4,8.925779788123528,0.8626143877688445
9,4,8.925779788123528,0.8585610740335299
0,10,6.070371536408484,0.8654526821513304
1,10,6.070371536408484,0.8658368962870041
2,10,6.070371536408484,0.8655304587896057
3,10,6.070371536408484,0.8548613388754758
4,10,6.070371536408484,0.8700979830007054
5,10,6.070371536408484,0.8559944040138817
6,10,6.070371536408484,0.8583454783390235
7,10,6.070371536408484,0.8580543995774578
8,10,6.070371536408484,0.8678894787007501
9,10,6.070371536408484,0.854502886459378
0,6,2.6274340549546773,0.8618724174797667
1,6,2.6274340549546773,0.8617541347355131
2,6,2.6274340549546773,0.8618636118045515
3,6,2.6274340549546773,0.8655306226161197
4,6,2.6274340549546773,0.8579149422560685
5,6,2.6274340549546773,0.8673742443092388
6,6,2.6274340549546773,0.8564033559534062
7,6,2.6274340549546773,0.8628796638542013
8,6,2.6274340549546773,0.864156445803404
9,6,2.6274340549546773,0.8644894231963269
0,5,0.6325013903843113,0.8467275981165193
1,5,0.6325013903843113,0.8579871897494404
2,5,0.6325013903843113,0.8552282693137547
3,5,0.6325013903843113,0.8602543848986033
4,5,0.6325013903843113,0.8625567617919847
5,5,0.6325013903843113,0.8567335482955656
6,5,0.6325013903843113,0.8662092739569235
7,5,0.6325013903843113,0.8573401159695151
8,5,0.6325013903843113,0.8666270725282921
9,5,0.6325013903843113,0.8693848052217407
0,1,1.706538315586278,0.8577507471308242
1,1,1.706538315586278,0.8487981604903521
2,1,1.706538315586278,0.8579514346124142
3,1,1.706538315586278,0.8554855998131069
4,1,1.706538315586278,0.8581213227090742
5,1,1.706538315586278,0.8613991636328732
6,1,1.706538315586278,0.8618582464861672
7,1,1.706538315586278,0.8562914624432628
8,1,1.706538315586278,0.858715890090756
9,1,1.706538315586278,0.8556970179314676
0,4,1.1721350360766598,0.8601281975249745
1,4,1.1721350360766598,0.8644523574471779
2,4,1.1721350360766598,0.852727989989544
3,4,1.1721350360766598,0.8645982449593054
4,4,1.1721350360766598,0.8622183781240486
5,4,1.1721350360766598,0.8734195246475358
6,4,1.1721350360766598,0.8538195660628787
7,4,1.1721350360766598,0.8669546846028302
8,4,1.1721350360766598,0.8612934545736914
9,4,1.1721350360766598,0.8685405662303103
0,7,5.811503907486141,0.8653054430704505
1,7,5.811503907486141,0.8718515001102559
2,7,5.811503907486141,0.8657231597285597
3,7,5.811503907486141,0.8607851418524656
4,7,5.811503907486141,0.8735424354908522
5,7,5.811503907486141,0.8595451799126408
6,7,5.811503907486141,0.8539228177243239
7,7,5.811503907486141,0.8586077236338434
8,7,5.811503907486141,0.8701051094541332
9,7,5.811503907486141,0.8601381090291684
0,9,7.591550505479713,0.8631126661159901
1,9,7.591550505479713,0.855002844028312
2,9,7.591550505479713,0.870368665361077
3,9,7.591550505479713,0.8711332437093092
4,9,7.591550505479713,0.8662671047169271
5,9,7.591550505479713,0.8584995981335574
6,9,7.591550505479713,0.8614776774904662
7,9,7.591550505479713,0.8548898856458144
8,9,7.591550505479713,0.8731241863965664
9,9,7.591550505479713,0.859102070144615
0,7,8.278957726766436,0.8650831714454328
1,7,8.278957726766436,0.8764201711069652
2,7,8.278957726766436,0.8583150066071242
3,7,8.278957726766436,0.8544561549458076
4,7,8.278957726766436,0.8499359356410816
5,7,8.278957726766436,0.8499190615099774
6,7,8.278957726766436,0.8570803280724265
7,7,8.278957726766436,0.8664947826169582
8,7,8.278957726766436,0.8662820129298442
9,7,8.278957726766436,0.8593318368327224
0,8,7.114639306948433,0.8580295798603478
1,8,7.114639306948433,0.8649281915616881
2,8,7.114639306948433,0.862004912174244
3,8,7.114639306948433,0.8693305786450808
4,8,7.114639306948433,0.8633467742067612
5,8,7.114639306948433,0.8695096000699877
6,8,7.114639306948433,0.8485873976780539
7,8,7.114639306948433,0.8640882939729218
8,8,7.114639306948433,0.8575932688927196
9,8,7.114639306948433,0.8668793653622907
0,8,5.903040750665621,0.8573122245052357
1,8,5.903040750665621,0.8634624766833918
2,8,5.903040750665621,0.8583855339220823
3,8,5.903040750665621,0.8586531445352873
4,8,5.903040750665621,0.8650155520511249
5,8,5.903040750665621,0.8687251577567424
6,8,5.903040750665621,0.8668802254514971
7,8,5.903040750665621,0.8715672611057163
8,8,5.903040750665621,0.8571318105549478
9,8,5.903040750665621,0.8613102877481696
0,7,6.643224972455646,0.8655934091282161
1,7,6.643224972455646,0.8710436715619132
2,7,6.643224972455646,0.8580285559446246
3,7,6.643224972455646,0.8519695960922773
4,7,6.643224972455646,0.8602770748710107
5,7,6.643224972455646,0.8563986049844553
6,7,6.643224972455646,0.8648581147696497
7,7,6.643224972455646,0.8663058496878614
8,7,6.643224972455646,0.8547468650977109
9,7,6.643224972455646,0.8628315807718772
0,6,5.59762347410941,0.8635287445089439
1,6,5.59762347410941,0.8603662374521168
2,6,5.59762347410941,0.8640633513859246
3,6,5.59762347410941,0.8552048830786533
4,6,5.59762347410941,0.8612509006362693
5,6,5.59762347410941,0.8651210972837883
6,6,5.59762347410941,0.8523113791604134
7,6,5.59762347410941,0.8660549493792461
8,6,5.59762347410941,0.8622724408741912
9,6,5.59762347410941,0.863610452983592
0,8,4.858876040187569,0.8604214879444975
1,8,4.858876040187569,0.8562309285457552
2,8,4.858876040187569,0.8642607623372022
3,8,4.858876040187569,0.8698398743254029
4,8,4.858876040187569,0.8589514316635399
5,8,4.858876040187569,0.8609555214286729
6,8,4.858876040187569,0.8629960216368969
7,8,4.858876040187569,0.8545438021316444
8,8,4.858876040187569,0.859214987570483
9,8,4.858876040187569,0.8688328327341109
0,5,3.9647640801071837,0.8673120311899465
1,5,3.9647640801071837,0.860469284330419
2,5,3.9647640801071837,0.8600763873894215
3,5,3.9647640801071837,0.8654509210162876
4,5,3.9647640801071837,0.862863322159274
5,5,3.9647640801071837,0.8628224884002629
6,5,3.9647640801071837,0.8564892829608326
7,5,3.9647640801071837,0.861831665634015
8,5,3.9647640801071837,0.8642017847915915
9,5,3.9647640801071837,0.8571259947136471
0,3,6.451040558323529,0.8587250643756288
1,3,6.451040558323529,0.8637842319599977
2,3,6.451040558323529,0.8613775794894454
3,3,6.451040558323529,0.8578995425636043
4,3,6.451040558323529,0.8612511463760434
5,3,6.451040558323529,0.8574501664313575
6,3,6.451040558323529,0.8608118455745047
7,3,6.451040558323529,0.8597508231463277
8,3,6.451040558323529,0.8593150036582465
9,3,6.451040558323529,0.8532068139379677
0,2,3.207494334816617,0.8614515881178595
1,2,3.207494334816617,0.8593834421851317
2,2,3.207494334816617,0.8624986033789557
3,2,3.207494334816617,0.8692533344429855
4,2,3.207494334816617,0.8595917885563249
5,2,3.207494334816617,0.8574318178616119
6,2,3.207494334816617,0.8629450715905491
7,2,3.207494334816617,0.8688289418543657
8,2,3.207494334816617,0.864963045652879
9,2,3.207494334816617,0.8659826199726154
0,9,4.338692470069681,0.8534564036344584
1,9,4.338692470069681,0.8580162279993275
2,9,4.338692470069681,0.85049388779653
3,9,4.338692470069681,0.8632146071653143
4,9,4.338692470069681,0.8549874852924743
5,9,4.338692470069681,0.8602414426038728
6,9,4.338692470069681,0.8607423012186395
7,9,4.338692470069681,0.8603625103988864
8,9,4.338692470069681,0.8536938292121672
9,9,4.338692470069681,0.8661823244951099
0,4,5.1880565439661215,0.8445331419402752
1,4,5.1880565439661215,0.8515671153001187
2,4,5.1880565439661215,0.858877054425461
3,4,5.1880565439661215,0.8681985783790284
4,4,5.1880565439661215,0.8592876036735139
5,4,5.1880565439661215,0.8553897613014891
6,4,5.1880565439661215,0.8596614557820761
7,4,5.1880565439661215,0.8654546480695191
8,4,5.1880565439661215,0.8584878845376926
9,4,5.1880565439661215,0.8641657839147917
0,7,2.231840554048894,0.8661641807085106
1,7,2.231840554048894,0.8579691278760971
2,7,2.231840554048894,0.8640877615367438
3,7,2.231840554048894,0.862766664515078
4,7,2.231840554048894,0.8662228715577179
5,7,2.231840554048894,0.8636119274222324
6,7,2.231840554048894,0.8575628381174502
7,7,2.231840554048894,0.8630143292500113
8,7,2.231840554048894,0.8525354119204763
9,7,2.231840554048894,0.8647352039263323
0,6,8.279340756821142,0.859946882528852
1,6,8.279340756821142,0.8644693134915388
2,6,8.279340756821142,0.8541335805366248
3,6,8.279340756821142,0.8624075158362913
4,6,8.279340756821142,0.8600834319295924
5,6,8.279340756821142,0.86109952493587
6,6,8.279340756821142,0.863227877113077
7,6,8.279340756821142,0.8642799300395251
8,6,8.279340756821142,0.8650875947613513
9,6,8.279340756821142,0.870862929958594
0,4,3.700211809160093,0.8531609015569743
1,4,3.700211809160093,0.8580481332132376
2,4,3.700211809160093,0.8555610828801614
3,4,3.700211809160093,0.8599037142419954
4,4,3.700211809160093,0.8705713597174843
5,4,3.700211809160093,0.8636712326208734
6,4,3.700211809160093,0.8670352053352381
7,4,3.700211809160093,0.8572864218290314
8,4,3.700211809160093,0.8696443064224259
9,4,3.700211809160093,0.8654121350887236
0,3,7.001369496950828,0.8634064070584336
1,3,7.001369496950828,0.8544715136816442
2,3,7.001369496950828,0.8624234889215588
3,3,7.001369496950828,0.8640653992173684
4,3,7.001369496950828,0.8571024036954022
5,3,7.001369496950828,0.8527426524626873
6,3,7.001369496950828,0.8651005780127122
7,3,7.001369496950828,0.8635156793443265
8,3,7.001369496950828,0.8651806891788325
9,3,7.001369496950828,0.8593537076725523
0,10,4.627577446175332,0.8609387701674539
1,10,4.627577446175332,0.8632953736374954
2,10,4.627577446175332,0.8538332455769301
3,10,4.627577446175332,0.8615785946240673
4,10,4.627577446175332,0.8652875859802508
5,10,4.627577446175332,0.8598763552138935
6,10,4.627577446175332,0.8611170543730383
7,10,4.627577446175332,0.8651267083419478
8,10,4.627577446175332,0.8606005503260319
9,10,4.627577446175332,0.8568189838234427
0,5,1.7913863785095412,0.857518645914871
1,5,1.7913863785095412,0.8512800093315586
2,5,1.7913863785095412,0.8587421842465076
3,5,1.7913863785095412,0.8685841850400841
4,5,1.7913863785095412,0.8622426244483548
5,5,1.7913863785095412,0.8578491249534331
6,5,1.7913863785095412,0.8648338684453408
7,5,1.7913863785095412,0.8588401525028271
8,5,1.7913863785095412,0.8697834360907843
9,5,1.7913863785095412,0.854613182660995
0,2,9.40737142924642,0.8557932660093734
1,2,9.40737142924642,0.8604157540164529
2,2,9.40737142924642,0.8663143277100424
3,2,9.40737142924642,0.8688361092644218
4,2,9.40737142924642,0.8510568366607063
5,2,9.40737142924642,0.8630500843870389
6,2,9.40737142924642,0.8499988450230653
7,2,9.40737142924642,0.8684195803485513
8,2,9.40737142924642,0.8597500449703789
9,2,9.40737142924642,0.8654609144337388
0,5,2.727153583770474,0.8584993933504113
1,5,2.727153583770474,0.8694066760615715
2,5,2.727153583770474,0.8605875670746722
3,5,2.727153583770474,0.8754721889745419
4,5,2.727153583770474,0.8525874677958024
5,5,2.727153583770474,0.8587237128068753
6,5,2.727153583770474,0.860096824747239
7,5,2.727153583770474,0.8599075641651125
8,5,2.727153583770474,0.8708100959073183
9,5,2.727153583770474,0.8605516481111294
0,7,5.389652488657897,0.867960251755485
1,7,5.389652488657897,0.8643761371608011
2,7,5.389652488657897,0.8588402344160837
3,7,5.389652488657897,0.8573980286427738
4,7,5.389652488657897,0.8578439644181913
5,7,5.389652488657897,0.8607502058480154
6,7,5.389652488657897,0.8704815827869444
7,7,5.389652488657897,0.8702453039948437
8,7,5.389652488657897,0.8565999477721072
9,7,5.389652488657897,0.8640042100137977
0,3,7.308259244700963,0.8633270740682605
1,3,7.308259244700963,0.8698443795545818
2,3,7.308259244700963,0.8495601585709615
3,3,7.308259244700963,0.8712566869887995
4,3,7.308259244700963,0.8572656977748099
5,3,7.308259244700963,0.8699057735412976
6,3,7.308259244700963,0.8596365131950796
7,3,7.308259244700963,0.8583295462103819
8,3,7.308259244700963,0.8626978573785333
9,3,7.308259244700963,0.8684845375619791
0,6,1.3855048422068261,0.8652700974997113
1,6,1.3855048422068261,0.8628040579172602
2,6,1.3855048422068261,0.8639356486170248
3,6,1.3855048422068261,0.860308693388517
4,6,1.3855048422068261,0.8588900376768211
5,6,1.3855048422068261,0.861339325998056
6,6,1.3855048422068261,0.8578487973004015
7,6,1.3855048422068261,0.8652839817969084
8,6,1.3855048422068261,0.8612809218452507
9,6,1.3855048422068261,0.8534607040804911
0,9,7.965396274895061,0.859981081313981
1,9,7.965396274895061,0.8593189354946197
2,9,7.965396274895061,0.8605330128449825
3,9,7.965396274895061,0.855080333970181
4,9,7.965396274895061,0.8637377871428292
5,9,7.965396274895061,0.8546419342144793
6,9,7.965396274895061,0.8597061394642015
7,9,7.965396274895061,0.867901151339986
8,9,7.965396274895061,0.8632744857567585
9,9,7.965396274895061,0.8601271326526232
0,4,0.2872397870950749,0.8682089813627684
1,4,0.2872397870950749,0.8665124758806417
2,4,0.2872397870950749,0.8595998160555886
3,4,0.2872397870950749,0.8471885649747429
4,4,0.2872397870950749,0.8457863738278618
5,4,0.2872397870950749,0.8638572576293184
6,4,0.2872397870950749,0.8664925300023691
7,4,0.2872397870950749,0.8524097160263953
8,4,0.2872397870950749,0.8565347857755338
9,4,0.2872397870950749,0.8669387934308178
0,8,2.3583877267999305,0.8567733990954804
1,8,2.3583877267999305,0.8641917094608842
2,8,2.3583877267999305,0.8636591094587194
3,8,2.3583877267999305,0.8566203441732966
4,8,2.3583877267999305,0.8666744593479238
5,8,2.3583877267999305,0.8590530041031994
6,8,2.3583877267999305,0.8597464407870341
7,8,2.3583877267999305,0.8578069805822991
8,8,2.3583877267999305,0.8567641428973493
9,8,2.3583877267999305,0.8562353109050467
0,1,5.873552282048031,0.8621966711107343
1,1,5.873552282048031,0.8626703754805439
2,1,5.873552282048031,0.8687883538351295
3,1,5.873552282048031,0.8640853450956405
4,1,5.873552282048031,0.8543479884888944
5,1,5.873552282048031,0.8552448567484564
6,1,5.873552282048031,0.8557251960921486
7,1,5.873552282048031,0.854025659819483
8,1,5.873552282048031,0.8588585829858295
9,1,5.873552282048031,0.8550035812476305
0,3,1.0334947624962552,0.8701033483190904
1,3,1.0334947624962552,0.8623108991487233
2,3,1.0334947624962552,0.8539733582043829
3,3,1.0334947624962552,0.8635697011378409
4,3,1.0334947624962552,0.8635138362960274
5,3,1.0334947624962552,0.8578156633876246
6,3,1.0334947624962552,0.8564853511244552
7,3,1.0334947624962552,0.8578284008992098
8,3,1.0334947624962552,0.8480806822653546
9,3,1.0334947624962552,0.8564750710106032
0,2,1.9540888316895693,0.8536493503131859
1,2,1.9540888316895693,0.8685201288724894
2,2,1.9540888316895693,0.8532367532336894
3,2,1.9540888316895693,0.8606451111382692
4,2,1.9540888316895693,0.86571980128499
5,2,1.9540888316895693,0.8554946512280932
6,2,1.9540888316895693,0.8540291820895677
7,2,1.9540888316895693,0.8622534779550123
8,2,1.9540888316895693,0.854890991474796
9,2,1.9540888316895693,0.8614092389635816
0,6,3.6141576670006743,0.8791747910966193
1,6,3.6141576670006743,0.8666245332173014
2,6,3.6141576670006743,0.8591004318794605
3,6,3.6141576670006743,0.8624733331389255
4,6,3.6141576670006743,0.8622755126213577
5,6,3.6141576670006743,0.8684846604318666
6,6,3.6141576670006743,0.870833727882192
7,6,3.6141576670006743,0.8614388915628995
8,6,3.6141576670006743,0.8551921455670676
9,6,3.6141576670006743,0.859082410962746
0,7,4.124185245772958,0.848798897709672
1,7,4.124185245772958,0.8668154730212134
2,7,4.124185245772958,0.8577718807513331
3,7,4.124185245772958,0.8618322390268167
4,7,4.124185245772958,0.8603991665817506
5,7,4.124185245772958,0.8507433546231353
6,7,4.124185245772958,0.8465037701396039
7,7,4.124185245772958,0.8522465857735018
8,7,4.124185245772958,0.8618951484088031
9,7,4.124185245772958,0.8628036893076013
0,6,3.0661431338217966,0.8666457077944374
1,6,3.0661431338217966,0.8550252882609455
2,6,3.0661431338217966,0.8614439701848844
3,6,3.0661431338217966,0.860029860658995
4,6,3.0661431338217966,0.8649025936686306
5,6,3.0661431338217966,0.8585928563775514
6,6,3.0661431338217966,0.8635352975695673
7,6,3.0661431338217966,0.8538788303048913
8,6,3.0661431338217966,0.8564586064457856
9,6,3.0661431338217966,0.8560037830818994
0,8,3.8304678330674014,0.8634656713004454
1,8,3.8304678330674014,0.8694501310448313
2,8,3.8304678330674014,0.8663977154064745
3,8,3.8304678330674014,0.8611568642163242
4,8,3.8304678330674014,0.8605485763639631
5,8,3.8304678330674014,0.8641525958802868
6,8,3.8304678330674014,0.8594562630713078
7,8,3.8304678330674014,0.861736973908006
8,8,3.8304678330674014,0.8573397883164834
9,8,3.8304678330674014,0.8543028133272218
0,6,3.2953156135094614,0.8570375693518616
1,6,3.2953156135094614,0.854203944025067
2,6,3.2953156135094614,0.8592047484132593
3,6,3.2953156135094614,0.8655916479931738
4,6,3.2953156135094614,0.8551613871387673
5,6,3.2953156135094614,0.8680842684277795
6,6,3.2953156135094614,0.8636999022611015
7,6,3.2953156135094614,0.8593147579184742
8,6,3.2953156135094614,0.8674051256074278
9,6,3.2953156135094614,0.8624301648520688
0,7,4.926647040023417,0.8657265591287574
1,7,4.926647040023417,0.8692153676479982
2,7,4.926647040023417,0.8573801305959451
3,7,4.926647040023417,0.8614245157861582
4,7,4.926647040023417,0.8593606293428375
5,7,4.926647040023417,0.8608292930984148
6,7,4.926647040023417,0.8608829053256395
7,7,4.926647040023417,0.8558504414633108
8,7,4.926647040023417,0.8640904237176239
9,7,4.926647040023417,0.8532778736891002
0,6,6.255354706720234,0.8595008238835474
1,6,6.255354706720234,0.8632515090879472
2,6,6.255354706720234,0.8549303098385355
3,6,6.255354706720234,0.8613808150631259
4,6,6.255354706720234,0.8567373982186812
5,6,6.255354706720234,0.8694882207097032
6,6,6.255354706720234,0.8497030152925499
7,6,6.255354706720234,0.8553135000584872
8,6,6.255354706720234,0.8564663882052788
9,6,6.255354706720234,0.8529199537091806
0,7,3.5369893903308207,0.8562366624738006
1,7,3.5369893903308207,0.8640558972794627
2,7,3.5369893903308207,0.8667485908462257
3,7,3.5369893903308207,0.85221255081489
4,7,3.5369893903308207,0.8555077163927106
5,7,3.5369893903308207,0.8640996389591253
6,7,3.5369893903308207,0.8553404904769268
7,7,3.5369893903308207,0.8632289829420551
8,7,3.5369893903308207,0.8634780402023722
9,7,3.5369893903308207,0.8567867099998732
0,5,4.61058565889059,0.8608113540949586
1,5,4.61058565889059,0.8611705437303756
2,5,4.61058565889059,0.862770268698421
3,5,4.61058565889059,0.8517187367402907
4,5,4.61058565889059,0.8650706387169891
5,5,4.61058565889059,0.8659833571919346
6,5,4.61058565889059,0.8626008720813082
7,5,4.61058565889059,0.8553158345863343
8,5,4.61058565889059,0.8586238605456269
9,5,4.61058565889059,0.8628260925836053
0,9,2.953628418296041,0.8586908246338725
1,9,2.953628418296041,0.8572260108014106
2,9,2.953628418296041,0.8541191638032519
3,9,2.953628418296041,0.8634128782057998
4,9,2.953628418296041,0.8590129485201375
5,9,2.953628418296041,0.8567413300550544
6,9,2.953628418296041,0.8611621885780808
7,9,2.953628418296041,0.8651302715686624
8,9,2.953628418296041,0.8617261204013492
9,9,2.953628418296041,0.861830846501436
0,10,6.713974204796213,0.8630392308803807
1,10,6.713974204796213,0.8551820702363596
2,10,6.713974204796213,0.866681135278434
3,10,6.713974204796213,0.8573012481286908
4,10,6.713974204796213,0.8578188580046777
5,10,6.713974204796213,0.8591783723442503
6,10,6.713974204796213,0.8533477866546266
7,10,6.713974204796213,0.8607393113847309
8,10,6.713974204796213,0.8615000398098441
9,10,6.713974204796213,0.8532102133381638
0,7,8.935514046215344,0.8626132409832344
1,7,8.935514046215344,0.8504320023302684
2,7,8.935514046215344,0.8533318135693561
3,7,8.935514046215344,0.862927705979897
4,7,8.935514046215344,0.8566069103990173
5,7,8.935514046215344,0.8562088529227806
6,7,8.935514046215344,0.8556748194386059
7,7,8.935514046215344,0.8684911725358617
8,7,8.935514046215344,0.8657267229552751
9,7,8.935514046215344,0.8607898518647885
0,8,8.694591010374717,0.8569150680748322
1,8,8.694591010374717,0.8580615669875142
2,8,8.694591010374717,0.8579031877035739
3,8,8.694591010374717,0.854707874387003
4,8,8.694591010374717,0.8581443812911428
5,8,8.694591010374717,0.858306282845169
6,8,8.694591010374717,0.8659614044388444
7,8,8.694591010374717,0.8588936009035358
8,8,8.694591010374717,0.8656919917339692
9,8,8.694591010374717,0.8550329061939204
